{
  "$schema": "https://schema.management.azure.com/schemas/2015-01-01/deploymentTemplate.json#",
  "contentVersion": "1.0.0.0",
  "parameters": {
    "stringData": {
      "type": "string",
      "defaultValue": "one, two, three"
    },
    "jsonFormattedData": {
      "type": "string",
      "defaultValue": "{\"one\": \"a\", \"two\": \"b\"}"
    }
  },
  "variables": {
    "base64String": "[base64(parameters('stringData'))]",
    "base64Object": "[base64(parameters('jsonFormattedData'))]"
  },
  "resources": [
  ],
  "outputs": {
    "base64Output": {
      "type": "string",
      "value": "[variables('base64String')]"
    },
    "toStringOutput": {
      "type": "string",
      "value": "[base64ToString(variables('base64String'))]"
    },
    "toJsonOutput": {
      "type": "object",
      "value": "[base64ToJson(variables('base64Object'))]"
    }
  }
}