{
  "$schema": "https://schema.management.azure.com/schemas/2015-01-01/deploymentTemplate.json#",
  "contentVersion": "1.0.0.0",
  "resources": [],
  "outputs": {
    "trueString": {
      "value": "[bool('true')]",
      "type": "bool"
    },
    "falseString": {
      "value": "[bool('false')]",
      "type": "bool"
    },
    "trueInt": {
      "value": "[bool(1)]",
      "type": "bool"
    },
    "falseInt": {
      "value": "[bool(0)]",
      "type": "bool"
    }
  }
}