{
  "$schema": "https://schema.management.azure.com/schemas/2015-01-01/deploymentTemplate.json#",
  "contentVersion": "1.0.0.0",
  "parameters": {
    "objectToTest": {
      "type": "object",
      "defaultValue": {
        "null1": null,
        "null2": null,
        "string": "default",
        "int": 1,
        "object": { "first": "default" },
        "array": [ 1 ]
      }
    }
  },
  "resources": [
  ],
  "outputs": {
    "stringOutput": {
      "type": "string",
      "value": "[coalesce(parameters('objectToTest').null1, parameters('objectToTest').null2, parameters('objectToTest').string)]"
    },
    "intOutput": {
      "type": "int",
      "value": "[coalesce(parameters('objectToTest').null1, parameters('objectToTest').null2, parameters('objectToTest').int)]"
    },
    "objectOutput": {
      "type": "object",
      "value": "[coalesce(parameters('objectToTest').null1, parameters('objectToTest').null2, parameters('objectToTest').object)]"
    },
    "arrayOutput": {
      "type": "array",
      "value": "[coalesce(parameters('objectToTest').null1, parameters('objectToTest').null2, parameters('objectToTest').array)]"
    },
    "emptyOutput": {
      "type": "bool",
      "value": "[empty(coalesce(parameters('objectToTest').null1, parameters('objectToTest').null2))]"
    }
  }
}