{
  "$schema": "https://schema.management.azure.com/schemas/2015-01-01/deploymentTemplate.json#",
  "contentVersion": "1.0.0.0",
  "parameters": {
    "stringToTest": {
      "type": "string",
      "defaultValue": "OneTwoThree"
    },
    "objectToTest": {
      "type": "object",
      "defaultValue": {
        "one": "a",
        "two": "b",
        "three": "c"
      }
    },
    "arrayToTest": {
      "type": "array",
      "defaultValue": [ "one", "two", "three" ]
    }
  },
  "resources": [
  ],
  "outputs": {
    "stringTrue": {
      "type": "bool",
      "value": "[contains(parameters('stringToTest'), 'e')]"
    },
    "stringFalse": {
      "type": "bool",
      "value": "[contains(parameters('stringToTest'), 'z')]"
    },
    "objectTrue": {
      "type": "bool",
      "value": "[contains(parameters('objectToTest'), 'one')]"
    },
    "objectFalse": {
      "type": "bool",
      "value": "[contains(parameters('objectToTest'), 'a')]"
    },
    "arrayTrue": {
      "type": "bool",
      "value": "[contains(parameters('arrayToTest'), 'three')]"
    },
    "arrayFalse": {
      "type": "bool",
      "value": "[contains(parameters('arrayToTest'), 'four')]"
    }
  }
}