{
  "$schema": "https://schema.management.azure.com/schemas/2015-01-01/deploymentTemplate.json#",
  "contentVersion": "1.0.0.0",
  "resources": [],
  "outputs": {
    "startsTrue": {
      "value": "[startsWith('abcdef', 'ab')]",
      "type": "bool"
    },
    "startsCapTrue": {
      "value": "[startsWith('abcdef', 'A')]",
      "type": "bool"
    },
    "startsFalse": {
      "value": "[startsWith('abcdef', 'e')]",
      "type": "bool"
    },
    "endsTrue": {
      "value": "[endsWith('abcdef', 'ef')]",
      "type": "bool"
    },
    "endsCapTrue": {
      "value": "[endsWith('abcdef', 'F')]",
      "type": "bool"
    },
    "endsFalse": {
      "value": "[endsWith('abcdef', 'e')]",
      "type": "bool"
    }
  }
}