{
  "$schema": "https://schema.management.azure.com/schemas/2015-01-01/deploymentTemplate.json#",
  "contentVersion": "1.0.0.0",
  "resources": [
  ],
  "outputs": {
    "yesOutput": {
      "type": "string",
      "value": "[if(equals('a', 'a'), 'yes', 'no')]"
    },
    "noOutput": {
      "type": "string",
      "value": "[if(equals('a', 'b'), 'yes', 'no')]"
    },
    "objectOutput": {
      "type": "object",
      "value": "[if(equals('a', 'a'), json('{\"test\": \"value1\"}'), json('null'))]"
    }
  }
}