{
  "$schema": "https://schema.management.azure.com/schemas/2015-01-01/deploymentTemplate.json#",
  "contentVersion": "1.0.0.0",
  "resources": [],
  "outputs": {
    "firstT": {
      "value": "[indexOf('test', 't')]",
      "type": "int"
    },
    "lastT": {
      "value": "[lastIndexOf('test', 't')]",
      "type": "int"
    },
    "firstString": {
      "value": "[indexOf('abcdef', 'CD')]",
      "type": "int"
    },
    "lastString": {
      "value": "[lastIndexOf('abcdef', 'AB')]",
      "type": "int"
    },
    "notFound": {
      "value": "[indexOf('abcdef', 'z')]",
      "type": "int"
    }
  }
}