{
  "$schema": "https://schema.management.azure.com/schemas/2015-01-01/deploymentTemplate.json#",
  "contentVersion": "1.0.0.0",
  "parameters": {
    "testValue": {
      "type": "string",
      "defaultValue": "demo value"
    }
  },
  "resources": [
  ],
  "outputs": {
    "jsonOutput": {
      "type": "object",
      "value": "[json('{\"a\": \"b\"}')]"
    },
    "nullOutput": {
      "type": "bool",
      "value": "[empty(json('null'))]"
    },
    "paramOutput": {
      "type": "object",
      "value": "[json(concat('{\"a\": \"', parameters('testValue'), '\"}'))]"
    }
  }
}