{
  "$schema": "https://schema.management.azure.com/schemas/2015-01-01/deploymentTemplate.json#",
  "contentVersion": "1.0.0.0",
  "parameters": {
    "arrayToTest": {
      "type": "array",
      "defaultValue": [ "one", "two", "three" ]
    }
  },
  "resources": [
  ],
  "outputs": {
    "arrayOutput": {
      "type": "string",
      "value": "[last(parameters('arrayToTest'))]"
    },
    "stringOutput": {
      "type": "string",
      "value": "[last('One Two Three')]"
    }
  }
}