{
  "$schema": "https://schema.management.azure.com/schemas/2015-01-01/deploymentTemplate.json#",
  "contentVersion": "1.0.0.0",
  "parameters": {
    "arrayToTest": {
      "type": "array",
      "defaultValue": [
        "one",
        "two",
        "three"
      ]
    },
    "stringToTest": {
      "type": "string",
      "defaultValue": "One Two Three"
    },
    "objectToTest": {
      "type": "object",
      "defaultValue": {
        "propA": "one",
        "propB": "two",
        "propC": "three",
        "propD": {
          "propD-1": "sub",
          "propD-2": "sub"
        }
      }
    }
  },
  "resources": [],
  "outputs": {
    "arrayLength": {
      "type": "int",
      "value": "[length(parameters('arrayToTest'))]"
    },
    "stringLength": {
      "type": "int",
      "value": "[length(parameters('stringToTest'))]"
    },
    "objectLength": {
      "type": "int",
      "value": "[length(parameters('objectToTest'))]"
    }
  }
}