{
  "$schema": "https://schema.management.azure.com/schemas/2015-01-01/deploymentTemplate.json#",
  "contentVersion": "1.0.0.0",
  "parameters": {
    "firstInt": {
      "type": "int",
      "defaultValue": 1
    },
    "secondInt": {
      "type": "int",
      "defaultValue": 2
    },
    "firstString": {
      "type": "string",
      "defaultValue": "A"
    },
    "secondString": {
      "type": "string",
      "defaultValue": "a"
    }
  },
  "resources": [
  ],
  "outputs": {
    "checkInts": {
      "type": "bool",
      "value": "[less(parameters('firstInt'), parameters('secondInt') )]"
    },
    "checkStrings": {
      "type": "bool",
      "value": "[less(parameters('firstString'), parameters('secondString'))]"
    }
  }
}