{
  "$schema": "https://schema.management.azure.com/schemas/2015-01-01/deploymentTemplate.json#",
  "contentVersion": "1.0.0.0",
  "parameters": {
    "first": {
      "type": "int",
      "defaultValue": 5,
      "metadata": {
        "description": "First integer to multiply"
      }
    },
    "second": {
      "type": "int",
      "defaultValue": 3,
      "metadata": {
        "description": "Second integer to multiply"
      }
    }
  },
  "resources": [
  ],
  "outputs": {
    "mulResult": {
      "type": "int",
      "value": "[mul(parameters('first'), parameters('second'))]"
    }
  }
}