{
  "$schema": "https://schema.management.azure.com/schemas/2015-01-01/deploymentTemplate.json#",
  "contentVersion": "1.0.0.0",
  "parameters": {
    "stringParameter": {
      "type": "string",
      "defaultValue": "option 1"
    },
    "intParameter": {
      "type": "int",
      "defaultValue": 1
    },
    "objectParameter": {
      "type": "object",
      "defaultValue": {
        "one": "a",
        "two": "b"
      }
    },
    "arrayParameter": {
      "type": "array",
      "defaultValue": [ 1, 2, 3 ]
    },
    "crossParameter": {
      "type": "string",
      "defaultValue": "[parameters('stringParameter')]"
    }
  },
  "variables": {},
  "resources": [],
  "outputs": {
    "stringOutput": {
      "value": "[parameters('stringParameter')]",
      "type": "string"
    },
    "intOutput": {
      "value": "[parameters('intParameter')]",
      "type": "int"
    },
    "objectOutput": {
      "value": "[parameters('objectParameter')]",
      "type": "object"
    },
    "arrayOutput": {
      "value": "[parameters('arrayParameter')]",
      "type": "array"
    },
    "crossOutput": {
      "value": "[parameters('crossParameter')]",
      "type": "string"
    },
    "arrayOutput1": {
      "value": "[parameters('arrayParameter')[1]]",
      "type": "int"
    }
  }
}