{
  "$schema": "https://schema.management.azure.com/schemas/2015-01-01/deploymentTemplate.json#",
  "contentVersion": "1.0.0.0",
  "parameters": {
    "testString": {
      "type": "string",
      "defaultValue": "123-123-1234"
    }
  },
  "resources": [],
  "outputs": {
    "firstOutput": {
      "type": "string",
      "value": "[replace(parameters('testString'),'-', '')]"
    },
    "secondOutput": {
      "type": "string",
      "value": "[replace(parameters('testString'),'1234', 'xxxx')]"
    }
  }
}