{
  "$schema": "https://schema.management.azure.com/schemas/2015-01-01/deploymentTemplate.json#",
  "contentVersion": "1.0.0.0",
  "resources": [],
  "outputs": {
    "sameRGOutput": {
      "value": "[resourceId('Microsoft.Storage/storageAccounts','examplestorage')]",
      "type": "string"
    },
    "differentRGOutput": {
      "value": "[resourceId('otherResourceGroup', 'Microsoft.Storage/storageAccounts','examplestorage')]",
      "type": "string"
    },
    "differentSubOutput": {
      "value": "[resourceId('11111111-1111-1111-1111-111111111111', 'otherResourceGroup', 'Microsoft.Storage/storageAccounts','examplestorage')]",
      "type": "string"
    },
    "nestedResourceOutput": {
      "value": "[resourceId('Microsoft.SQL/servers/databases', 'serverName', 'databaseName')]",
      "type": "string"
    }
  }
}