{
  "$schema": "https://schema.management.azure.com/schemas/2015-01-01/deploymentTemplate.json#",
  "contentVersion": "1.0.0.0",
  "parameters": {
    "testArray": {
      "type": "array",
      "defaultValue": [
        "one",
        "two",
        "three"
      ]
    },
    "elementsToSkip": {
      "type": "int",
      "defaultValue": 2
    },
    "testString": {
      "type": "string",
      "defaultValue": "one two three"
    },
    "charactersToSkip": {
      "type": "int",
      "defaultValue": 4
    }
  },
  "resources": [],
  "outputs": {
    "arrayOutput": {
      "type": "array",
      "value": "[skip(parameters('testArray'),parameters('elementsToSkip'))]"
    },
    "stringOutput": {
      "type": "string",
      "value": "[skip(parameters('testString'),parameters('charactersToSkip'))]"
    }
  }
}