{
  "$schema": "https://schema.management.azure.com/schemas/2015-01-01/deploymentTemplate.json#",
  "contentVersion": "1.0.0.0",
  "parameters": {
    "firstString": {
      "type": "string",
      "defaultValue": "one,two,three"
    },
    "secondString": {
      "type": "string",
      "defaultValue": "one;two,three"
    }
  },
  "variables": {
    "delimiters": [ ",", ";" ]
  },
  "resources": [],
  "outputs": {
    "firstOutput": {
      "type": "array",
      "value": "[split(parameters('firstString'),',')]"
    },
    "secondOutput": {
      "type": "array",
      "value": "[split(parameters('secondString'),variables('delimiters'))]"
    }
  }
}