{
  "$schema": "https://schema.management.azure.com/schemas/2015-01-01/deploymentTemplate.json#",
  "contentVersion": "1.0.0.0",
  "parameters": {
    "testObject": {
      "type": "object",
      "defaultValue": {
        "valueA": 10,
        "valueB": "Example Text"
      }
    },
    "testArray": {
      "type": "array",
      "defaultValue": [
        "a",
        "b",
        "c"
      ]
    },
    "testInt": {
      "type": "int",
      "defaultValue": 5
    }
  },
  "resources": [],
  "outputs": {
    "objectOutput": {
      "type": "string",
      "value": "[string(parameters('testObject'))]"
    },
    "arrayOutput": {
      "type": "string",
      "value": "[string(parameters('testArray'))]"
    },
    "intOutput": {
      "type": "string",
      "value": "[string(parameters('testInt'))]"
    }
  }
}