{
  "$schema": "https://schema.management.azure.com/schemas/2015-01-01/deploymentTemplate.json#",
  "contentVersion": "1.0.0.0",
  "parameters": {
    "first": {
      "type": "int",
      "defaultValue": 7,
      "metadata": {
        "description": "Integer subtracted from"
      }
    },
    "second": {
      "type": "int",
      "defaultValue": 3,
      "metadata": {
        "description": "Integer to subtract"
      }
    }
  },
  "resources": [
  ],
  "outputs": {
    "subResult": {
      "type": "int",
      "value": "[sub(parameters('first'), parameters('second'))]"
    }
  }
}