{
  "$schema": "https://schema.management.azure.com/schemas/2015-01-01/deploymentTemplate.json#",
  "contentVersion": "1.0.0.0",
  "parameters": {
    "testString": {
      "type": "string",
      "defaultValue": "One Two Three"
    }
  },
  "resources": [],
  "outputs": {
    "toLowerOutput": {
      "value": "[toLower(parameters('testString'))]",
      "type": "string"
    },
    "toUpperOutput": {
      "type": "string",
      "value": "[toUpper(parameters('testString'))]"
    }
  }
}