{
  "$schema": "https://schema.management.azure.com/schemas/2015-01-01/deploymentTemplate.json#",
  "contentVersion": "1.0.0.0",
  "parameters": {
    "firstObject": {
      "type": "object",
      "defaultValue": {
        "one": "a",
        "two": "b",
        "three": "c1"
      }
    },
    "secondObject": {
      "type": "object",
      "defaultValue": {
        "three": "c2",
        "four": "d",
        "five": "e"
      }
    },
    "firstArray": {
      "type": "array",
      "defaultValue": [ "one", "two", "three" ]
    },
    "secondArray": {
      "type": "array",
      "defaultValue": [ "three", "four" ]
    }
  },
  "resources": [
  ],
  "outputs": {
    "objectOutput": {
      "type": "object",
      "value": "[union(parameters('firstObject'), parameters('secondObject'))]"
    },
    "arrayOutput": {
      "type": "array",
      "value": "[union(parameters('firstArray'), parameters('secondArray'))]"
    }
  }
}