{
  "$schema": "https://schema.management.azure.com/schemas/2015-01-01/deploymentTemplate.json#",
  "contentVersion": "1.0.0.0",
  "parameters": {
    "utcValue": {
      "type": "string",
      "defaultValue": "[utcNow()]"
    },
    "utcShortValue": {
      "type": "string",
      "defaultValue": "[utcNow('d')]"
    },
    "utcCustomValue": {
      "type": "string",
      "defaultValue": "[utcNow('M d')]"
    }
  },
  "resources": [
  ],
  "outputs": {
    "utcOutput": {
      "type": "string",
      "value": "[parameters('utcValue')]"
    },
    "utcShortOutput": {
      "type": "string",
      "value": "[parameters('utcShortValue')]"
    },
    "utcCustomOutput": {
      "type": "string",
      "value": "[parameters('utcCustomValue')]"
    }
  }
}