{
  "$schema": "https://schema.management.azure.com/schemas/2015-01-01/deploymentTemplate.json#",
  "contentVersion": "1.0.0.0",
  "parameters": {
    "storageCount": {
      "type": "int",
      "defaultValue": 3
    }
  },
  "variables": {
    "baseName": "stroageName"
  },
  "resources": [],
  "outputs": {
    "storageEndpoints": {
      "type": "array",
      "copy": {
        "count": "[parameters('storageCount')]",
        "input": "[concat(copyIndex(), variables('baseName'))]"
      }
    }
  }
}