{
  "$schema": "https://schema.management.azure.com/schemas/2015-01-01/deploymentTemplate.json#",
  "contentVersion": "1.0.0.0",
  "parameters": {},
  "resources": [
    {
      "apiVersion": "2019-12-25",
      "type": "Microsoft.Compute/virtualMachines",
      "name": "examplevm",
      "properties": {
        "storageProfile": {
          "copy": [
            {
              "name": "dataDisks",
              "count": 3,
              "input": {
                "lun": "[copyIndex('dataDisks')]",
                "createOption": "Empty",
                "diskSizeGB": "1023"
              }
            }
          ]
        }
      }
    }
  ],
  "outputs": {
    "addResult": {
      "type": "bool",
      "value": true
    }
  }
}