{
  "$schema": "https://schema.management.azure.com/schemas/2015-01-01/deploymentTemplate.json#",
  "contentVersion": "1.0.0.0",
  "parameters": {},
  "variables": {
    "disk-array-on-object": {
      "copy": [
        {
          "name": "disks",
          "count": 5,
          "input": {
            "name": "[concat('myDataDisk', copyIndex('disks', 1))]",
            "diskSizeGB": "1",
            "diskIndex": "[copyIndex('disks')]"
          }
        },
        {
          "name": "diskNames",
          "count": 5,
          "input": "[concat('myDataDisk', copyIndex('diskNames', 1))]"
        }
      ]
    },
    "copy": [
      {
        "name": "top-level-object-array",
        "count": 5,
        "input": {
          "name": "[concat('myDataDisk', copyIndex('top-level-object-array', 1))]",
          "diskSizeGB": "1",
          "diskIndex": "[copyIndex('top-level-object-array')]"
        }
      },
      {
        "name": "top-level-string-array",
        "count": 5,
        "input": "[concat('myDataDisk', copyIndex('top-level-string-array', 1))]"
      },
      {
        "name": "top-level-integer-array",
        "count": 5,
        "input": "[copyIndex('top-level-integer-array')]"
      }
    ]
  },
  "resources": [],
  "outputs": {
    "exampleObject": {
      "value": "[variables('disk-array-on-object')]",
      "type": "object"
    },
    "exampleArrayOnObject": {
      "value": "[variables('disk-array-on-object').disks]",
      "type": "array"
    },
    "exampleObjectArray": {
      "value": "[variables('top-level-object-array')]",
      "type": "array"
    },
    "exampleStringArray": {
      "value": "[variables('top-level-string-array')]",
      "type": "array"
    },
    "exampleIntegerArray": {
      "value": "[variables('top-level-integer-array')]",
      "type": "array"
    }
  }
}