{
  "$schema": "https://schema.management.azure.com/schemas/2015-01-01/deploymentTemplate.json#",
  "contentVersion": "1.0.0.0",
  "parameters": {
    "storageAccountName": {
      "type": "string",
      "defaultValue": "examplestorage"
    }
  },
  "resources": [
    {
      "name": "[parameters('storageAccountName')]",
      "type": "Microsoft.Storage/storageAccounts",
      "apiVersion": "2016-12-01",
      "sku": {
        "name": "Standard_LRS"
      },
      "kind": "Storage",
      "location": "[resourceGroup().location]",
      "tags": {},
      "properties": {
      }
    }
  ],
  "outputs": {
    "referenceOutput": {
      "type": "object",
      "value": "[reference(parameters('storageAccountName'))]"
    },
    "fullReferenceOutput": {
      "type": "object",
      "value": "[reference(parameters('storageAccountName'), '2016-12-01', 'Full')]"
    }
  }
}