﻿{
  "$schema": "https://schema.management.azure.com/schemas/2019-04-01/deploymentTemplate.json#",
  "contentVersion": "1.0.0.0",
  "parameters": {
    "storageAccountName": {
      "type": "string",
      "defaultValue": "storageAccount1"
    }
  },
  "resources": [
    {
      "name": "nestedTemplate1",
      "apiVersion": "2017-05-10",
      "type": "Microsoft.Resources/deployments",
      "properties": {
        "mode": "Incremental",
        "template": {
          "$schema": "https://schema.management.azure.com/schemas/2015-01-01/deploymentTemplate.json#",
          "contentVersion": "1.0.0.0",
          "resources": [
            {
              "type": "Microsoft.Storage/storageAccounts",
              "apiVersion": "2019-04-01",
              "name": "[parameters('storageAccountName')]",
              "location": "West US",
              "sku": {
                "name": "Standard_LRS"
              },
              "kind": "StorageV2"
            }
          ]
        }
      }
    }
  ],
  "outputs": {
  }
}