{
  "$schema": "https://schema.management.azure.com/schemas/2015-01-01/deploymentTemplate.json#",
  "contentVersion": "1.0.0.0",
  "parameters": {},
  "resources": [
    {
      "condition": "[bool('true')]",
      "apiVersion": "2019-12-25",
      "type": "test.test/FunctionConditionTrue",
      "name": "FunctionConditionTrueName",
      "sku": {
        "name": "Standard_LRS"
      }
    }
  ],
  "outputs": {
    "addResult": {
      "type": "bool",
      "value": true
    }
  }
}