﻿{
  "$schema": "https://schema.management.azure.com/schemas/2015-01-01/deploymentTemplate.json#",
  "contentVersion": "2019-01-01",
  "apiProfile": "2017-03-09-profile",
  "parameters": {},
  "variables": {},
  "functions": [],
  "resources": [
    {
      "type": "Microsoft.Network/virtualNetworks",
      "apiVersion": "2018-10-01",
      "name": "VNet1",
      "properties": {
        "addressSpace": {
          "addressPrefixes": [
            "10.0.0.0/16"
          ]
        }
      },
      "resources": [
        {
          "type": "subnets",
          "apiVersion": "2018-10-01",
          "name": "Subnet1",
          "dependsOn": [
            "VNet1"
          ],
          "properties": {
            "addressPrefix": "10.0.0.0/24"
          }
        }
      ]
    }
  ],
  "outputs": {}
}