﻿{
  "$schema": "https://schema.management.azure.com/schemas/2019-04-01/deploymentTemplate.json#",
  "contentVersion": "1.0.0.0",
  "parameters": {
  },
  "variables": {
    "exampleVar": "from parent template"
  },
  "resources": [
    {
      "type": "Microsoft.Resources/deployments",
      "apiVersion": "2017-05-10",
      "name": "nestedTemplate1",
      "properties": {
        "expressionEvaluationOptions": {
          "scope": "inner"
        },
        "mode": "Incremental",
        "template": {
          "$schema": "https://schema.management.azure.com/schemas/2015-01-01/deploymentTemplate.json#",
          "contentVersion": "1.0.0.0",
          "variables": {
            "exampleVar": "from nested template"
          },
          "resources": [
            {
              "name": "[variables('exampleVar')]",
              "apiVersion": "2017-05-10",
              "type": "Microsoft.Storage/storageAccounts",
              "properties": {
              }
            }
          ],
          "outputs": {
            "testVar": {
              "type": "string",
              "value": "[variables('exampleVar')]"
            }
          }
        }
      }
    }
  ],
  "outputs": {
    "messageFromLinkedTemplate": {
      "type": "string",
      "value": "[reference('nestedTemplate1').outputs.testVar.value]"
    }
  }
}