﻿{
  "$schema": "https://schema.management.azure.com/schemas/2015-01-01/deploymentParameters.json#",
  "contentVersion": "1.0.0.0",
  "parameters": {
    "location": {
      "value": "centralus"
    },
    "networkInterfaceName": {
      "value": "vmarm88"
    },
    "networkSecurityGroupName": {
      "value": "VMARM-nsg"
    },
    "networkSecurityGroupRules": {
      "value": [
        {
          "name": "SSH",
          "properties": {
            "priority": 300,
            "protocol": "TCP",
            "access": "Allow",
            "direction": "Inbound",
            "sourceAddressPrefix": "*",
            "sourcePortRange": "*",
            "destinationAddressPrefix": "*",
            "destinationPortRange": "22"
          }
        }
      ]
    },
    "subnetName": {
      "value": "default"
    },
    "virtualNetworkName": {
      "value": "NetworkWatcherRG-vnet"
    },
    "addressPrefixes": {
      "value": [
        "10.0.0.0/24"
      ]
    },
    "subnets": {
      "value": [
        {
          "name": "default",
          "properties": {
            "addressPrefix": "10.0.0.0/24"
          }
        }
      ]
    },
    "publicIpAddressName": {
      "value": "VMARM-ip"
    },
    "publicIpAddressType": {
      "value": "Dynamic"
    },
    "publicIpAddressSku": {
      "value": "Basic"
    },
    "virtualMachineName": {
      "value": "VMARM"
    },
    "virtualMachineRG": {
      "value": "NetworkWatcherRG"
    },
    "osDiskType": {
      "value": "Premium_LRS"
    },
    "virtualMachineSize": {
      "value": "Standard_D2s_v3"
    },
    "adminUsername": {
      "value": "sa"
    },
    "adminPassword": {
      "value": null
    },
    "autoShutdownStatus": {
      "value": "Enabled"
    },
    "autoShutdownTime": {
      "value": "19:00"
    },
    "autoShutdownTimeZone": {
      "value": "UTC"
    },
    "autoShutdownNotificationStatus": {
      "value": "Enabled"
    },
    "autoShutdownNotificationLocale": {
      "value": "en"
    },
    "autoShutdownNotificationEmail": {
      "value": "maskx@outlook.com"
    }
  }
}