{
  "$schema": "https://schema.management.azure.com/schemas/2015-01-01/deploymentTemplate.json#",
  "contentVersion": "1.0.0.0",
  "parameters": {},
  "resources": [
    {
      "apiVersion": "2019-12-25",
      "type": "rp/st",
      "name": "resource1"
    },
    {
      "apiVersion": "2019-12-25",
      "type": "rp/st",
      "name": "resource2",
      "dependsOn": [
        "resource1"
      ]
    }
  ],
  "outputs": {
    "addResult": {
      "type": "bool",
      "value": true
    }
  }
}